title,Year,Content,poster,Genre,Description
The Wolverine,2013,13+,https://m.media-amazon.com/images/M/MV5BNzg1MDQxMTQ2OF5BMl5BanBnXkFtZTcwMTk3MjAzOQ@@._V1_.jpg,"Action,Sci-Fi","Wolverine comes to Japan to meet an old friend whose life he saved years ago, and gets embroiled in a conspiracy involving yakuza and mutants."
Deadpool 2,2018,18+,https://vignette.wikia.nocookie.net/marveldatabase/images/5/59/Deadpool_2_poster_003.jpg,"Action,Comedy,Sci-Fi","Foul-mouthed mutant mercenary Wade Wilson (a.k.a. Deadpool) assembles a team of fellow mutant rogues to protect a young boy with abilities from the brutal, time-traveling cyborg Cable."
The Shawshank Redemption,1994,18+,https://m.media-amazon.com/images/M/MV5BMDAyY2FhYjctNDc5OS00MDNlLThiMGUtY2UxYWVkNGY2ZjljXkEyXkFqcGc@._V1_.jpg,Drama,"Two imprisoned men bond over a number of years, finding solace and eventual redemption through acts of common decency."
The Godfather,1972,18+,https://m.media-amazon.com/images/M/MV5BYTJkNGQyZDgtZDQ0NC00MDM0LWEzZWQtYzUzZDEwMDljZWNjXkEyXkFqcGc@._V1_.jpg,"Crime, Drama",An organized crime dynasty's aging patriarch transfers control of his clandestine empire to his reluctant son.
The Dark Knight,2008,13+,https://m.media-amazon.com/images/M/MV5BMTMxNTMwODM0NF5BMl5BanBnXkFtZTcwODAyMTk2Mw@@._V1_.jpg,"Action, Crime, Drama","When the menace known as the Joker wreaks havoc and chaos on the people of Gotham, Batman must accept one of the greatest psychological and physical tests of his ability to fight injustice."
The Godfather: Part II,1974,18+,https://m.media-amazon.com/images/M/MV5BNzc1OWY5MjktZDllMi00ZDEzLWEwMGItYjk1YmRhYjBjNTVlXkEyXkFqcGc@._V1_.jpg,"Crime, Drama","The early life and career of Vito Corleone in 1920s New York City is portrayed, while his son, Michael, expands and tightens his grip on the family crime syndicate."
The Lord of the Rings: The Return of the King,2003,13+,https://m.media-amazon.com/images/M/MV5BMTZkMjBjNWMtZGI5OC00MGU0LTk4ZTItODg2NWM3NTVmNWQ4XkEyXkFqcGc@._V1_.jpg,"Action, Adventure, Drama",Gandalf and Aragorn lead the World of Men against Sauron's army to draw his gaze from Frodo and Sam as they approach Mount Doom with the One Ring.
Pulp Fiction,1994,18+,https://m.media-amazon.com/images/M/MV5BYTViYTE3ZGQtNDBlMC00ZTAyLTkyODMtZGRiZDg0MjA2YThkXkEyXkFqcGc@._V1_.jpg,"Crime, Drama","The lives of two mob hitmen, a boxer, a gangster and his wife, and a pair of diner bandits intertwine in four tales of violence and redemption."
Schindler's List,1993,18+,"https://m.media-amazon.com/images/I/81+H4lZVw+L._AC_UF1000,1000_QL80_.jpg","Biography, Drama, History","In German-occupied Poland during World War II, industrialist Oskar Schindler gradually becomes concerned for his Jewish workforce after witnessing their persecution by the Nazis."
Inception,2010,13+,https://m.media-amazon.com/images/M/MV5BMjAxMzY3NjcxNF5BMl5BanBnXkFtZTcwNTI5OTM0Mw@@._V1_.jpg,"Action, Adventure, Sci-Fi",A thief who steals corporate secrets through the use of dream-sharing technology is given the inverse task of planting an idea into the mind of a C.E.O.
Fight Club,1999,18+,https://m.media-amazon.com/images/M/MV5BOTgyOGQ1NDItNGU3Ny00MjU3LTg2YWEtNmEyYjBiMjI1Y2M5XkEyXkFqcGc@._V1_.jpg,"Drama,Action","An insomniac office worker and a devil-may-care soapmaker form an underground fight club that evolves into something much, much more."
The Lord of the Rings: The Fellowship of the Ring,2001,13+,https://resizing.flixster.com/-XZAfHZM39UwaGJIFWKAE8fS0ak=/v3/t/assets/p28828_p_v8_ao.jpg,"Action, Adventure, Drama",A meek Hobbit from the Shire and eight companions set out on a journey to destroy the powerful One Ring and save Middle-earth from the Dark Lord Sauron.
Forrest Gump,1994,13+,https://m.media-amazon.com/images/M/MV5BNDYwNzVjMTItZmU5YS00YjQ5LTljYjgtMjY2NDVmYWMyNWFmXkEyXkFqcGc@._V1_.jpg,"Drama, Romance","The presidencies of Kennedy and Johnson, the events of Vietnam, Watergate and other historical events unfold through the perspective of an Alabama man with an IQ of 75."
The Lord of the Rings: The Two Towers,2002,13+,https://m.media-amazon.com/images/M/MV5BMGQxMDdiOWUtYjc1Ni00YzM1LWE2NjMtZTg3Y2JkMjEzMTJjXkEyXkFqcGc@._V1_.jpg,"Action, Adventure, Drama","While Frodo and Sam edge closer to Mordor with the help of the shifty Gollum, the divided fellowship makes a stand against Sauron's new ally, Saruman, and his hordes of Isengard."
The Matrix,1999,18+,https://encrypted-tbn0.gstatic.com/images?q=tbn:ANd9GcRfSjSWOCaw5dnDL2GT1zFd9RMCgUGw5Q2Cfg&s,"Action, Sci-Fi","When a beautiful stranger leads computer hacker Neo to a forbidding underworld, he discovers the shocking truth--the life he knows is the elaborate deception of an evil cyber-intelligence."
Goodfellas,1990,18+,https://m.media-amazon.com/images/M/MV5BN2E5NzI2ZGMtY2VjNi00YTRjLWI1MDUtZGY5OWU1MWJjZjRjXkEyXkFqcGc@._V1_.jpg,"Biography, Crime, Drama","The story of Henry Hill and his life in the mob, covering his relationship with his wife Karen Hill and his mob partners Jimmy Conway and Tommy DeVito in the Italian-American crime syndicate."
Star Wars: Episode V - The Empire Strikes Back,1980,13+,https://m.media-amazon.com/images/M/MV5BMTkxNGFlNDktZmJkNC00MDdhLTg0MTEtZjZiYWI3MGE5NWIwXkEyXkFqcGc@._V1_.jpg,"Action, Adventure, Fantasy","After the Rebels are brutally overpowered by the Empire on the ice planet Hoth, Luke Skywalker begins Jedi training with Yoda, while his friends are pursued by Darth Vader and a bounty hunter named Boba Fett all over the galaxy."
Soorarai Pottru,2020,7+,https://resizing.flixster.com/-XZAfHZM39UwaGJIFWKAE8fS0ak=/v3/t/assets/p17982732_p_v8_aa.jpg,Drama,"Nedumaaran Rajangam ""Maara"" sets out to make the common man fly and in the process takes on the world's most capital intensive industry and several enemies who stand in his way."
Interstellar,2014,13+,https://m.media-amazon.com/images/M/MV5BYzdjMDAxZGItMjI2My00ODA1LTlkNzItOWFjMDU5ZDJlYWY3XkEyXkFqcGc@._V1_.jpg,"Adventure, Drama, Sci-Fi",A team of explorers travel through a wormhole in space in an attempt to ensure humanity's survival.
Se7en,1995,18+,https://posterspy.com/wp-content/uploads/2024/05/Seven-Instagram.jpg,"Crime, Drama, Mystery","Two detectives, a rookie and a veteran, hunt a serial killer who uses the seven deadly sins as his motives."
The Silence of the Lambs,1991,18+,https://m.media-amazon.com/images/M/MV5BNDdhOGJhYzctYzYwZC00YmI2LWI0MjctYjg4ODdlMDExYjBlXkEyXkFqcGc@._V1_.jpg,"Crime, Drama, Thriller","A young F.B.I. cadet must receive the help of an incarcerated and manipulative cannibal killer to help catch another serial killer, a madman who skins his victims."
Star Wars,1977,13+,https://rukminim2.flixcart.com/image/850/1000/xif0q/poster/a/n/u/medium-star-wars-movie-wall-poster-with-frame-a3-size-original-imagwm78hbag3zwe.jpeg?q=90&crop=false,"Action, Adventure, Fantasy","Luke Skywalker joins forces with a Jedi Knight, a cocky pilot, a Wookiee and two droids to save the galaxy from the Empire's world-destroying battle station, while also attempting to rescue Princess Leia from the mysterious Darth Vader."
Joker,2019,18+,https://m.media-amazon.com/images/M/MV5BNzY3OWQ5NDktNWQ2OC00ZjdlLThkMmItMDhhNDk3NTFiZGU4XkEyXkFqcGc@._V1_.jpg,"Crime, Drama, Thriller","In Gotham City, mentally troubled comedian Arthur Fleck is disregarded and mistreated by society. He then embarks on a downward spiral of revolution and bloody crime. This path brings him face-to-face with his alter-ego: the Joker."
Whiplash,2014,18+,https://resizing.flixster.com/-XZAfHZM39UwaGJIFWKAE8fS0ak=/v3/t/assets/p10488558_p_v12_ai.jpg,"Drama, Music",A promising young drummer enrolls at a cut-throat music conservatory where his dreams of greatness are mentored by an instructor who will stop at nothing to realize a student's potential.
The Intouchables,2011,13+,https://m.media-amazon.com/images/M/MV5BODY0MDM1MDE2OV5BMl5BanBnXkFtZTcwMzEyMjkyNw@@._V1_.jpg,"Biography, Comedy, Drama","After he becomes a quadriplegic from a paragliding accident, an aristocrat hires a young man from the projects to be his caregiver."
The Prestige,2006,7+,https://m.media-amazon.com/images/M/MV5BMjA4NDI0MTIxNF5BMl5BanBnXkFtZTYwNTM0MzY2._V1_.jpg,"Drama, Mystery, Sci-Fi","After a tragic accident, two stage magicians engage in a battle to create the ultimate illusion while sacrificing everything they have to outwit each other."
The Departed,2006,18+,https://resizing.flixster.com/-XZAfHZM39UwaGJIFWKAE8fS0ak=/v3/t/assets/p162564_p_v8_ag.jpg,"Crime, Drama, Thriller",An undercover cop and a mole in the police attempt to identify each other while infiltrating an Irish gang in South Boston.
The Pianist,2002,18+,https://m.media-amazon.com/images/M/MV5BMjEwNmEwYjgtNTk3ZC00NjljLTg5ZDctZTY3ZGQwZjRkZmQxXkEyXkFqcGc@._V1_.jpg,"Biography, Drama, Music",A Polish Jewish musician struggles to survive the destruction of the Warsaw ghetto of World War II.
Gladiator,2000,13+,https://upload.wikimedia.org/wikipedia/en/f/fb/Gladiator_%282000_film_poster%29.png,"Action, Adventure, Drama",A former Roman General sets out to exact vengeance against the corrupt emperor who murdered his family and sent him into slavery.
The Lion King,1994,7+,https://lumiere-a.akamaihd.net/v1/images/p_thelionking_19752_1_0b9de87b.jpeg?region=0%2C0%2C540%2C810,"Animation, Adventure, Drama","Lion prince Simba and his father are targeted by his bitter uncle, who wants to ascend the throne himself."
Terminator 2: Judgment Day,1991,7+,https://m.media-amazon.com/images/M/MV5BNGMyMGNkMDUtMjc2Ni00NWFlLTgyODEtZTY2MzBiZTg0OWZiXkEyXkFqcGc@._V1_.jpg,"Action, Sci-Fi","A cyborg, identical to the one who failed to kill Sarah Connor, must now protect her teenage son, John Connor, from a more advanced and powerful cyborg."
Psycho,1960,18+,https://resizing.flixster.com/xX2nwXITkIfAHe3uC_Osy0TiidQ=/fit-in/352x330/v2/https://resizing.flixster.com/-XZAfHZM39UwaGJIFWKAE8fS0ak=/v3/t/assets/p283_p_v8_an.jpg,"Horror, Mystery, Thriller","A Phoenix secretary embezzles $40,000 from her employer's client, goes on the run, and checks into a remote motel run by a young man under the domination of his mother."
Ayla: The Daughter of War,2017,13+,https://m.media-amazon.com/images/M/MV5BNDJiYjhjOTQtNGNjYS00MWUyLThiMTUtMDE5ZjkwOWZkMGUyXkEyXkFqcGc@._V1_.jpg,"Biography, Drama, History","In 1950, amid-st the ravages of the Korean War, Sergeant Süleyman stumbles upon a half-frozen little girl, with no parents and no help in sight. Frantic, scared and on the verge of death, ...                See full summary »"
Vikram Vedha,2017,13+,https://encrypted-tbn0.gstatic.com/images?q=tbn:ANd9GcR4v-H_ILJA79DPD3saSnGVcqvJssSN7pVP5Q&s,"Action, Crime, Drama","Vikram, a no-nonsense police officer, accompanied by Simon, his partner, is on the hunt to capture Vedha, a smuggler and a murderer. Vedha tries to change Vikram's life, which leads to a conflict."
Dangal,2016,7+,https://upload.wikimedia.org/wikipedia/en/thumb/9/99/Dangal_Poster.jpg/220px-Dangal_Poster.jpg,"Action, Biography, Drama",Former wrestler Mahavir Singh Phogat and his two wrestler daughters struggle towards glory at the Commonwealth Games in the face of societal oppression.
Spider-Man: Into the Spider-Verse,2018,7+,https://m.media-amazon.com/images/M/MV5BMjMwNDkxMTgzOF5BMl5BanBnXkFtZTgwNTkwNTQ3NjM@._V1_.jpg,"Animation, Action, Adventure","Teen Miles Morales becomes the Spider-Man of his universe, and must join with five spider-powered individuals from other dimensions to stop a threat for all realities."
Avengers: Endgame,2019,13+,https://m.media-amazon.com/images/M/MV5BMTc5MDE2ODcwNV5BMl5BanBnXkFtZTgwMzI2NzQ2NzM@._V1_.jpg,"Action, Adventure, Drama,Sci-Fi","After the devastating events of Avengers: Infinity War (2018), the universe is in ruins. With the help of remaining allies, the Avengers assemble once more in order to reverse Thanos' actions and restore balance to the universe."
Avengers: Infinity War,2018,13+,https://m.media-amazon.com/images/M/MV5BMjMxNjY2MDU1OV5BMl5BanBnXkFtZTgwNzY1MTUwNTM@._V1_.jpg,"Action, Adventure, Sci-Fi",The Avengers and their allies must be willing to sacrifice all in an attempt to defeat the powerful Thanos before his blitz of devastation and ruin puts an end to the universe.
Coco,2017,7+,https://m.media-amazon.com/images/M/MV5BMDIyM2E2NTAtMzlhNy00ZGUxLWI1NjgtZDY5MzhiMDc5NGU3XkEyXkFqcGc@._V1_.jpg,"Animation, Adventure, Family","Aspiring musician Miguel, confronted with his family's ancestral ban on music, enters the Land of the Dead to find his great-great-grandfather, a legendary singer."
Django Unchained,2012,18+,https://m.media-amazon.com/images/S/pv-target-images/ebb04886027f29c7a0ed1c4108ed48afaecfff9760c72e960b0ff6c5039eb88d.jpg,"Drama, Western","With the help of a German bounty hunter, a freed slave sets out to rescue his wife from a brutal Mississippi plantation owner."
The Dark Knight Rises,2012,13+,https://m.media-amazon.com/images/M/MV5BMTk4ODQzNDY3Ml5BMl5BanBnXkFtZTcwODA0NTM4Nw@@._V1_FMjpg_UX1000_.jpg,"Action, Adventure","Eight years after the Joker's reign of anarchy, Batman, with the help of the enigmatic Catwoman, is forced from his exile to save Gotham City from the brutal guerrilla terrorist Bane."
3 Idiots,2009,13+,https://m.media-amazon.com/images/M/MV5BNzc4ZWQ3NmYtODE0Ny00YTQ4LTlkZWItNTBkMGQ0MmUwMmJlXkEyXkFqcGc@._V1_FMjpg_UX1000_.jpg,"Comedy, Drama","Two friends are searching for their long lost companion. They revisit their college days and recall the memories of their friend who inspired them to think differently, even as the rest of the world called them ""idiots""."
Taare Zameen Par,2007,13+,https://upload.wikimedia.org/wikipedia/en/b/b4/Taare_Zameen_Par_Like_Stars_on_Earth_poster.png,"Drama, Family","An eight-year-old boy is thought to be a lazy trouble-maker, until the new art teacher has the patience and compassion to discover the real problem behind his struggles in school."
WALL-E,2008,13+,https://lumiere-a.akamaihd.net/v1/images/p_walle_19753_69f7ff00.jpeg,"Animation, Adventure, Family","In the distant future, a small waste-collecting robot inadvertently embarks on a space journey that will ultimately decide the fate of mankind."
The Lives of Others,2006,18+,https://m.media-amazon.com/images/M/MV5BYjM1N2Q0YWEtN2E5MC00NDM3LTk2NTEtMTc1NTk5OTA5ZGIzXkEyXkFqcGc@._V1_.jpg,"Drama, Mystery, Thriller","In 1984 East Berlin, an agent of the secret police, conducting surveillance on a writer and his lover, finds himself becoming increasingly absorbed by their lives."
Memento,2000,13+,https://upload.wikimedia.org/wikipedia/en/thumb/c/c7/Memento_poster.jpg/220px-Memento_poster.jpg,"Mystery, Thriller",A man with short-term memory loss attempts to track down his wife's murderer.
Once Upon a Time in America,1984,18+,https://m.media-amazon.com/images/M/MV5BMDQ0ZTg2OGUtZjMyOC00M2M5LThkMmItZmM2MmUzMmIxMWJhXkEyXkFqcGc@._V1_.jpg,"Crime, Drama","A former Prohibition-era Jewish gangster returns to the Lower East Side of Manhattan over thirty years later, where he once again must confront the ghosts and regrets of his old life."
Alien,1979,18+,https://upload.wikimedia.org/wikipedia/en/c/c3/Alien_movie_poster.jpg,"Horror, Sci-Fi","After a space merchant vessel receives an unknown transmission as a distress call, one of the crew is attacked by a mysterious life form and they soon realize that its life cycle has merely begun."
Tumbbad,2018,18+,https://upload.wikimedia.org/wikipedia/en/4/41/Tumbbad_poster.jpg,"Drama, Fantasy, Horror,Thriller",A mythological story about a goddess who created the entire universe. The plot revolves around the consequences when humans build a temple for her first-born.
Andhadhun,2018,13+,https://upload.wikimedia.org/wikipedia/en/4/47/Andhadhun_poster.jpg,"Crime, Drama, Music","A series of mysterious events change the life of a blind pianist, who must now report a crime that he should technically know nothing of."
Drishyam,2013,7+,https://upload.wikimedia.org/wikipedia/en/9/9e/DrishyamMovie.jpg,"Crime, Drama, Thriller",A man goes to extreme lengths to save his family from punishment after the family commits an accidental crime.
Jagten,2012,18+,https://m.media-amazon.com/images/M/MV5BMTg2NDg3ODg4NF5BMl5BanBnXkFtZTcwNzk3NTc3Nw@@._V1_.jpg,Drama,"A teacher lives a lonely life, all the while struggling over his son's custody. His life slowly gets better as he finds love and receives good news from his son, but his new luck is about to be brutally shattered by an innocent little lie."
Incendies,2010,18+,https://m.media-amazon.com/images/M/MV5BYWFmMjdmNjctNzhhOC00ZmMzLTkwOGItMmVmZDU4MjE2MTYwXkEyXkFqcGc@._V1_.jpg,"Drama, Mystery, War",Twins journey to the Middle East to discover their family history and fulfill their mother's last wishes.
Miracle in cell NO.7,2019,13+,https://m.media-amazon.com/images/M/MV5BMDhhZGNkYWItM2U5Ni00MzE4LTkwYWItMDRjNTFmODIyOGFkXkEyXkFqcGc@._V1_.jpg,Drama,A story of love between a mentally-ill father who was wrongly accused of murder and his lovely six years old daughter. The prison would be their home. Based on the 2013 Korean movie 7-beon-bang-ui seon-mul (2013).
Inglourious Basterds,2009,18+,"https://m.media-amazon.com/images/M/MV5BODZhMWJlNjYtNDExNC00MTIzLTllM2ItOGQ2NGVjNDQ3MzkzXkEyXkFqcGc@._V1_QL75_UX190_CR0,0,190,281_.jpg","Adventure, Drama, War","In Nazi-occupied France during World War II, a plan to assassinate Nazi leaders by a group of Jewish U.S. soldiers coincides with a theatre owner's vengeful plans for the same."
Eternal Sunshine of the Spotless Mind,2004,13+,https://encrypted-tbn0.gstatic.com/images?q=tbn:ANd9GcQBJUQ8-Hjw-F4kuuyhZu-aYYowGc3_nvZZRg&s,"Drama, Romance, Sci-Fi","When their relationship turns sour, a couple undergoes a medical procedure to have each other erased from their memories."
Snatch,2000,13+,https://m.media-amazon.com/images/M/MV5BYzk5NjJkMTQtN2IyNC00YWM5LTlhZmMtNGI3MWNhMTU1YTc4XkEyXkFqcGc@._V1_.jpg,"Comedy, Crime","Unscrupulous boxing promoters, violent bookmakers, a Russian gangster, incompetent amateur robbers and supposedly Jewish jewelers fight to track down a priceless stolen diamond."
Requiem for a Dream,2000,18+,https://m.media-amazon.com/images/M/MV5BN2ZlMjIzZjctYzA2My00ZWYyLWI4ZjctMGI2NWYyNzFiZjAwXkEyXkFqcGc@._V1_FMjpg_UX1000_.jpg,Drama,The drug-induced utopias of four Coney Island people are shattered when their addictions run deep.
Toy Story,1995,7+,https://m.media-amazon.com/images/M/MV5BZTA3OWVjOWItNjE1NS00NzZiLWE1MjgtZDZhMWI1ZTlkNzYwXkEyXkFqcGc@._V1_FMjpg_UX1000_.jpg,"Animation, Adventure, Comedy",A cowboy doll is profoundly threatened and jealous when a new spaceman figure supplants him as top toy in a boy's room.
Braveheart,1995,18+,https://m.media-amazon.com/images/M/MV5BNGMxZDBhNGQtYTZlNi00N2UzLWI4NDEtNmUzNWM2NTdmZDA0XkEyXkFqcGc@._V1_.jpg,"Biography, Drama, History",Scottish warrior William Wallace leads his countrymen in a rebellion to free his homeland from the tyranny of King Edward I of England.
Reservoir Dogs,1992,18+,https://upload.wikimedia.org/wikipedia/en/0/01/Reservoir_Dogs.png,"Crime, Drama, Thriller","When a simple jewelry heist goes horribly wrong, the surviving criminals begin to suspect that one of them is a police informant."
Full Metal Jacket,1987,13+,https://m.media-amazon.com/images/M/MV5BYWUzNzZkNzUtNDdiYy00Nzk5LTgxMmItNTk0MjRjNjdjNDA0XkEyXkFqcGc@._V1_FMjpg_UX1000_.jpg,"Drama, War",A pragmatic U.S. Marine observes the dehumanizing effects the Vietnam War has on his fellow recruits from their brutal boot camp training to the bloody street fighting in Hue.
Aliens,1986,7+,https://encrypted-tbn0.gstatic.com/images?q=tbn:ANd9GcQM7q-kDdKDawG_yEBlEBhhL8LMlPXUc2Dlrg&s,"Action, Adventure, Sci-Fi","Fifty-seven years after surviving an apocalyptic attack aboard her space vessel by merciless space creatures, Officer Ripley awakens from hyper-sleep and tries to warn anyone who will listen about the predators."
Amadeus,1984,18+,https://upload.wikimedia.org/wikipedia/en/2/2f/Amadeusmov.jpg,"Biography, Drama, History","The life, success and troubles of Wolfgang Amadeus Mozart, as told by Antonio Salieri, the contemporaneous composer who was insanely jealous of Mozart's talent and claimed to have murdered him."
Scarface,1983,18+,https://images.moviesanywhere.com/90625ae65f5ce05b944dda57f6a6c925/ea381892-524f-4ade-a3f9-930af3991cea.jpg,"Crime, Drama","In 1980 Miami, a determined Cuban immigrant takes over a drug cartel and succumbs to greed."
Star Wars: Episode VI - Return of the Jedi,1983,7+,https://upload.wikimedia.org/wikipedia/en/b/b2/ReturnOfTheJediPoster1983.jpg,"Action, Adventure, Fantasy","After a daring mission to rescue Han Solo from Jabba the Hutt, the Rebels dispatch to Endor to destroy the second Death Star. Meanwhile, Luke struggles to help Darth Vader back from the dark side without falling into the Emperor's trap."
Das Boot,1981,18+,https://upload.wikimedia.org/wikipedia/en/a/a3/Das_boot_ver1.jpg,"Adventure, Drama, Thriller","The claustrophobic world of a WWII German U-boat; boredom, filth and sheer terror."
Taxi Driver,1976,18+,https://m.media-amazon.com/images/M/MV5BZDNhMGYwM2UtMTdlZS00MGQ1LWI2YzAtODY5YWI1MjYyNzRmXkEyXkFqcGc@._V1_.jpg,"Crime, Drama","A mentally unstable veteran works as a nighttime taxi driver in New York City, where the perceived decadence and sleaze fuels his urge for violent action by attempting to liberate a presidential campaign worker and an underage prostitute."
Chhichhore,2019,13+,https://upload.wikimedia.org/wikipedia/en/thumb/3/3d/Chhichhore_Poster.jpg/220px-Chhichhore_Poster.jpg,"Comedy, Drama","A tragic incident forces Anirudh, a middle-aged man, to take a trip down memory lane and reminisce his college days along with his friends, who were labelled as losers."
Uri: The Surgical Strike,2018,13+,https://upload.wikimedia.org/wikipedia/en/3/3b/URI_-_New_poster.jpg,"Action, Drama, War","Indian army special forces execute a covert operation, avenging the killing of fellow army men at their base by a terrorist group."
K.G.F: Chapter 1,2018,13+,https://m.media-amazon.com/images/M/MV5BM2M0YmIxNzItOWI4My00MmQzLWE0NGYtZTM3NjllNjIwZjc5XkEyXkFqcGc@._V1_FMjpg_UX1000_.jpg,"Action, Drama","In the 1970s, a fierce rebel rises against brutal oppression and becomes the symbol of hope to legions of downtrodden people."
Green Book,2018,13+,https://m.media-amazon.com/images/M/MV5BNDU5YTNmMmItN2QxNy00OGQ0LTg5MTctNzFmYjEzZjcwN2UwXkEyXkFqcGc@._V1_.jpg,"Biography, Comedy, Drama",A working-class Italian-American bouncer becomes the driver of an African-American classical pianist on a tour of venues through the 1960s American South.
"Three Billboards Outside Ebbing, Missouri",2017,18+,https://m.media-amazon.com/images/M/MV5BMjI0ODcxNzM1N15BMl5BanBnXkFtZTgwMzIwMTEwNDI@._V1_.jpg,"Comedy, Crime, Drama",A mother personally challenges the local authorities to solve her daughter's murder when they fail to catch the culprit.
Talvar,2015,13+,https://upload.wikimedia.org/wikipedia/en/9/91/TalvarFilmPoster.jpg,"Crime, Drama, Mystery",An experienced investigator confronts several conflicting theories about the perpetrators of a violent double homicide.
Baahubali 2: The Conclusion,2017,13+,"https://m.media-amazon.com/images/I/71i8a-PnChL._AC_UF1000,1000_QL80_.jpg","Action, Drama","When Shiva, the son of Bahubali, learns about his heritage, he begins to look for answers. His story is juxtaposed with past events that unfolded in the Mahishmati Kingdom."
Klaus,2019,16+,https://encrypted-tbn0.gstatic.com/images?q=tbn:ANd9GcR_ujgjJyKOTov0VdAxK-bxidQW6_CR2dg02Q&s,"Animation, Adventure, Comedy","A simple act of kindness always sparks another, even in a frozen, faraway place. When Smeerensburg's new postman, Jesper, befriends toymaker Klaus, their gifts melt an age-old feud and deliver a sleigh full of holiday traditions."
Queen,2013,13+,https://m.media-amazon.com/images/M/MV5BZWU0ZWFhODYtMWE5NC00YzNiLWJlZTctMjFhODhjNDdmZjFmXkEyXkFqcGc@._V1_.jpg,"Adventure, Comedy, Drama",A Delhi girl from a traditional family sets out on a solo honeymoon after her marriage gets cancelled.
Bhaag Milkha Bhaag,2013,7+,https://m.media-amazon.com/images/M/MV5BMTY1Nzg4MjcwN15BMl5BanBnXkFtZTcwOTc1NTk1OQ@@._V1_.jpg,"Biography, Drama, Sport",The truth behind the ascension of Milkha Singh who was scarred because of the India-Pakistan partition.
Gangs of Wasseypur,2012,18+,"https://m.media-amazon.com/images/M/MV5BMTc5NjY4MjUwNF5BMl5BanBnXkFtZTgwODM3NzM5MzE@._V1_QL75_UX190_CR0,0,190,281_.jpg","Action, Comedy, Crime","A clash between Sultan and Shahid Khan leads to the expulsion of Khan from Wasseypur, and ignites a deadly blood feud spanning three generations."
Udaan,2010,13+,https://upload.wikimedia.org/wikipedia/en/thumb/7/71/Udaan_Movie_Poster.jpg/220px-Udaan_Movie_Poster.jpg,Drama,"Expelled from his school, a 16-year old boy returns home to his abusive and oppressive father."
Paan Singh Tomar,2012,13+,https://upload.wikimedia.org/wikipedia/en/thumb/9/93/Paan_Singh_Tomar_Poster.jpg/220px-Paan_Singh_Tomar_Poster.jpg,"Action, Biography, Crime","The story of Paan Singh Tomar, an Indian athlete and seven-time national steeplechase champion who becomes one of the most feared dacoits in Chambal Valley after his retirement."
El secreto de sus ojos,2009,18+,https://upload.wikimedia.org/wikipedia/en/9/91/Cartel-nuevo-de-el-secreto-de-sus-ojos.jpg,"Drama, Mystery, Romance",A retired legal counselor writes a novel hoping to find closure for one of his past unresolved homicide cases and for his unreciprocated love with his superior - both of which still haunt him decades later.
Warrior,2011,13+,https://encrypted-tbn0.gstatic.com/images?q=tbn:ANd9GcQ5dzGDZJGlY3AAYhnA3O69ISLYa8d_dLhxsw&s,"Action, Drama, Sport","The youngest son of an alcoholic former boxer returns home, where he's trained by his father for competition in a mixed martial arts tournament - a path that puts the fighter on a collision course with his estranged, older brother."
Shutter Island,2010,18+,https://encrypted-tbn0.gstatic.com/images?q=tbn:ANd9GcRi6BDD64nCrbkGVkL7rYXxjvfAgPCU5AHcvw&s,"Mystery, Thriller","In 1954, a U.S. Marshal investigates the disappearance of a murderer who escaped from a hospital for the criminally insane."
Up,2009,7+,https://upload.wikimedia.org/wikipedia/en/0/05/Up_%282009_film%29.jpg,"Animation, Adventure, Comedy","78-year-old Carl Fredricksen travels to Paradise Falls in his house equipped with balloons, inadvertently taking a young stowaway."
The Wolf of Wall Street,2013,18+,https://encrypted-tbn0.gstatic.com/images?q=tbn:ANd9GcSH3apVAChDoOdWfhfYpyXV6GLqnRIosZzKvg&s,"Biography, Crime, Drama","Based on the true story of Jordan Belfort, from his rise to a wealthy stock-broker living the high life to his fall involving crime, corruption and the federal government."
Chak De! India,2007,7+,https://upload.wikimedia.org/wikipedia/en/thumb/0/0c/Chak_De%21_India.jpg/220px-Chak_De%21_India.jpg,"Drama, Family, Sport",Kabir Khan is the coach of the Indian Women's National Hockey Team and his dream is to make his all girls team emerge victorious against all odds.
There Will Be Blood,2007,18+,https://upload.wikimedia.org/wikipedia/en/d/da/There_Will_Be_Blood_Poster.jpg,Drama,"A story of family, religion, hatred, oil and madness, focusing on a turn-of-the-century prospector in the early days of the business."
Pan's Labyrinth,2006,13+,https://encrypted-tbn0.gstatic.com/images?q=tbn:ANd9GcT9fbA0UxBJnKh7FaBw100Ek9A2cRPlzdcgMg&s,"Drama, Fantasy, War","In the Falangist Spain of 1944, the bookish young stepdaughter of a sadistic army officer escapes into an eerie but captivating fantasy world."
Toy Story 3,2010,7+,https://lumiere-a.akamaihd.net/v1/images/open-uri20150422-12561-wt2it4_fbf729c8.jpeg?region=0%2C0%2C300%2C450,"Animation, Adventure, Comedy","The toys are mistakenly delivered to a day-care center instead of the attic right before Andy leaves for college, and it's up to Woody to convince the other toys that they weren't abandoned and to return home."
V for Vendetta,2005,18+,https://m.media-amazon.com/images/M/MV5BOTI5ODc3NzExNV5BMl5BanBnXkFtZTcwNzYxNzQzMw@@._V1_.jpg,"Action, Drama, Sci-Fi","In a future British tyranny, a shadowy freedom fighter, known only by the alias of ""V"", plots to overthrow it with the help of a young woman."
Rang De Basanti,2006,13+,https://upload.wikimedia.org/wikipedia/en/0/08/Rang_De_Basanti_poster.jpg,"Comedy, Crime, Drama","The story of six young Indians who assist an English woman to film a documentary on the freedom fighters from their past, and the events that lead them to relive the long-forgotten saga of freedom."
Black,2005,7+,https://upload.wikimedia.org/wikipedia/en/3/3c/Black_Film.jpg,Drama,"The cathartic tale of a young woman who can't see, hear or talk and the teacher who brings a ray of light into her dark world."
Batman Begins,2005,13+,https://m.media-amazon.com/images/M/MV5BODIyMDdhNTgtNDlmOC00MjUxLWE2NDItODA5MTdkNzY3ZTdhXkEyXkFqcGc@._V1_FMjpg_UX1000_.jpg,"Action, Adventure","After training with his mentor, Batman begins his fight to free crime-ridden Gotham City from corruption."
"Swades: We, the People",2004,7+,"https://m.media-amazon.com/images/I/51TJ3nvk1rL._AC_UF894,1000_QL80_.jpg",Drama,A successful Indian scientist returns to an Indian village to take his nanny to America with him and in the process rediscovers his roots.
Der Untergang,2004,18+,https://upload.wikimedia.org/wikipedia/en/d/dc/Der_Untergang_Downfall_poster.png,"Biography, Drama, History","Traudl Junge, the final secretary for Adolf Hitler, tells of the Nazi dictator's final days in his Berlin bunker at the end of WWII."
Andaz Apna Apna,1994,7+,https://m.media-amazon.com/images/M/MV5BOTc3OTgwNmUtYmY2Ny00YjQ2LWE3Y2UtMDlmODg0OTY3ZmI3XkEyXkFqcGc@._V1_.jpg,"Action, Comedy, Romance",Two slackers competing for the affections of an heiress inadvertently become her protectors from an evil criminal.
Indiana Jones and the Last Crusade,1989,7+,https://m.media-amazon.com/images/M/MV5BNGIxNzQ0YzYtMjNmYi00YjBlLWFjNzEtNGE3ZGFmYTczM2MwXkEyXkFqcGc@._V1_.jpg,"Action, Adventure","In 1938, after his father Professor Henry Jones, Sr. goes missing while pursuing the Holy Grail, Professor Henry ""Indiana"" Jones, Jr. finds himself up against Adolf Hitler's Nazis again to stop them from obtaining its powers."
Die Hard,1988,18+,https://m.media-amazon.com/images/M/MV5BMGNlYmM1NmQtYWExMS00NmRjLTg5ZmEtMmYyYzJkMzljYWMxXkEyXkFqcGc@._V1_.jpg,"Action, Thriller",An NYPD officer tries to save his wife and several others taken hostage by German terrorists during a Christmas party at the Nakatomi Plaza in Los Angeles.
Stalker,1979,7+,https://m.media-amazon.com/images/M/MV5BMDIzMDRiYjgtM2U1Yy00MjlhLTliODMtM2E5NDI5Njc3YmZkXkEyXkFqcGc@._V1_.jpg,"Drama, Sci-Fi",A guide leads two men through an area known as the Zone to find a room that grants wishes.
Sholay,1975,7+,https://upload.wikimedia.org/wikipedia/en/5/52/Sholay-poster.jpg,"Action, Adventure, Comedy","After his family is murdered by a notorious and ruthless bandit, a former police officer enlists the services of two outlaws to capture the bandit."
The Great Escape,1963,7+,https://encrypted-tbn0.gstatic.com/images?q=tbn:ANd9GcT358z6Z9PpwNSeyk8b8hfiW2nN-aW_E6BT5Q&s,"Adventure, Drama, History",Allied prisoners of war plan for several hundred of their number to escape from a German camp during World War II.
Mommy,2014,18+,https://encrypted-tbn0.gstatic.com/images?q=tbn:ANd9GcRexGl8yYdnxizHR-KOlJrh8RwGbvWypZ8cLg&s,Drama,"A widowed single mother, raising her violent son alone, finds new hope when a mysterious neighbor inserts herself into their household."
Haider,2014,13+,https://upload.wikimedia.org/wikipedia/en/f/f1/Haider_Poster.jpg,"Action, Crime, Drama","A young man returns to Kashmir after his father's disappearance to confront his uncle, whom he suspects of playing a role in his father's fate."
Logan,2017,18+,"https://m.media-amazon.com/images/M/MV5BM2JjODdkMGMtNmY2YS00OGM2LThiY2YtZGYyNzE4Nzc2ODA0XkEyXkFqcGc@._V1_QL75_UX190_CR0,2,190,281_.jpg","Action, Drama, Sci-Fi","In a future where mutants are nearly extinct, an elderly and weary Logan leads a quiet life. But when Laura, a mutant child pursued by scientists, comes to him for help, he must get her to safety."
Room,2015,18+,https://upload.wikimedia.org/wikipedia/en/c/c2/Room_%282015_film%29.png,"Drama, Thriller","Held captive for 7 years in an enclosed space, a woman and her young son finally gain their freedom, allowing the boy to experience the outside world for the first time."
Soul,2020,7+,https://upload.wikimedia.org/wikipedia/en/3/39/Soul_%282020_film%29_poster.jpg,"Animation, Adventure","After landing the gig of a lifetime, a New York jazz pianist suddenly finds himself trapped in a strange land between Earth and the afterlife."
PK,2014,13+,https://m.media-amazon.com/images/M/MV5BMTYzOTE2NjkxN15BMl5BanBnXkFtZTgwMDgzMTg0MzE@._V1_.jpg,"Comedy, Drama, Musical",An alien on Earth loses the only device he can use to communicate with his spaceship. His innocent nature and child-like questions force the country to evaluate the impact of religion on its people.
OMG: Oh My God!,2012,7+,https://upload.wikimedia.org/wikipedia/en/e/e0/OMG_Poster.png,"Comedy, Drama, Fantasy",A shopkeeper takes God to court when his shop is destroyed by an earthquake.
The Grand Budapest Hotel,2014,13+,https://m.media-amazon.com/images/M/MV5BMzM5NjUxOTEyMl5BMl5BanBnXkFtZTgwNjEyMDM0MDE@._V1_.jpg,"Adventure, Comedy, Crime","A writer encounters the owner of an aging high-class hotel, who tells him of his early years serving as a lobby boy in the hotel's glorious years under an exceptional concierge."
Gone Girl,2014,18+,https://m.media-amazon.com/images/M/MV5BMTk0MDQ3MzAzOV5BMl5BanBnXkFtZTgwNzU1NzE3MjE@._V1_FMjpg_UX1000_.jpg,"Drama, Mystery, Thriller","With his wife's disappearance having become the focus of an intense media circus, a man sees the spotlight turned on him when it's suspected that he may not be innocent."
Hacksaw Ridge,2016,18+,https://upload.wikimedia.org/wikipedia/en/thumb/8/8a/Hacksaw_Ridge_poster.png/220px-Hacksaw_Ridge_poster.png,"Biography, Drama, History","World War II American Army Medic Desmond T. Doss, who served during the Battle of Okinawa, refuses to kill people, and becomes the first man in American history to receive the Medal of Honor without firing a shot."
Inside Out,2015,7+,https://upload.wikimedia.org/wikipedia/en/0/0a/Inside_Out_%282015_film%29_poster.jpg,"Animation, Adventure, Comedy","After young Riley is uprooted from her Midwest life and moved to San Francisco, her emotions - Joy, Fear, Anger, Disgust and Sadness - conflict on how best to navigate a new city, house, and school."
Barfi!,2012,7+,https://upload.wikimedia.org/wikipedia/en/2/2e/Barfi%21_poster.jpg,"Comedy, Drama, Romance",Three young people learn that love can neither be defined nor contained by society's definition of normal and abnormal.
12 Years a Slave,2013,18+,https://m.media-amazon.com/images/M/MV5BMjExMTEzODkyN15BMl5BanBnXkFtZTcwNTU4NTc4OQ@@._V1_.jpg,"Biography, Drama, History","In the antebellum United States, Solomon Northup, a free black man from upstate New York, is abducted and sold into slavery."
Rush,2013,13+,https://encrypted-tbn0.gstatic.com/images?q=tbn:ANd9GcSN12ahjC9wg31LbvjosxM5YYlweXPY9uEIZA&s,"Action, Biography, Drama",The merciless 1970s rivalry between Formula One rivals James Hunt and Niki Lauda.
Ford v Ferrari,2019,13+,https://upload.wikimedia.org/wikipedia/en/a/a4/Ford_v._Ferrari_%282019_film_poster%29.png,"Action, Biography, Drama",American car designer Carroll Shelby and driver Ken Miles battle corporate interference and the laws of physics to build a revolutionary race car for Ford in order to defeat Ferrari at the 24 Hours of Le Mans in 1966.
Spotlight,2015,18+,https://resizing.flixster.com/-XZAfHZM39UwaGJIFWKAE8fS0ak=/v3/t/assets/p11897076_p_v13_am.jpg,"Biography, Crime, Drama","The true story of how the Boston Globe uncovered the massive scandal of child molestation and cover-up within the local Catholic Archdiocese, shaking the entire Catholic Church to its core."
Song of the Sea,2014,16+,https://m.media-amazon.com/images/M/MV5BMTQ2MDMwNjEwNV5BMl5BanBnXkFtZTgwOTkxMzI0MzE@._V1_.jpg,"Animation, Adventure, Drama","Ben, a young Irish boy, and his little sister Saoirse, a girl who can turn into a seal, go on an adventure to free the fairies and save the spirit world."
Kahaani,2012,13+,https://m.media-amazon.com/images/M/MV5BMTQ1NDI0NzkyOF5BMl5BanBnXkFtZTcwNzAyNzE2Nw@@._V1_.jpg,"Mystery, Thriller","A pregnant woman's search for her missing husband takes her from London to Kolkata, but everyone she questions denies having ever met him."
Zindagi Na Milegi Dobara,2011,7+,https://upload.wikimedia.org/wikipedia/en/1/17/Zindagi_Na_Milegi_Dobara.jpg,"Comedy, Drama",Three friends decide to turn their fantasy vacation into reality after one of their friends gets engaged.
Prisoners,2013,18+,https://encrypted-tbn0.gstatic.com/images?q=tbn:ANd9GcQ_8Sxj14kFW_ey8HSZ6XFlKmAAEplgl1inxg&s,"Crime, Drama, Mystery","When Keller Dover's daughter and her friend go missing, he takes matters into his own hands as the police pursue multiple leads and the pressure mounts."
Mad Max: Fury Road,2015,13+,https://m.media-amazon.com/images/M/MV5BZDRkODJhOTgtOTc1OC00NTgzLTk4NjItNDgxZDY4YjlmNDY2XkEyXkFqcGc@._V1_.jpg,"Action, Adventure, Sci-Fi","In a post-apocalyptic wasteland, a woman rebels against a tyrannical ruler in search for her homeland with the aid of a group of female prisoners, a psychotic worshiper, and a drifter named Max."
A Wednesday,2008,13+,https://m.media-amazon.com/images/M/MV5BMjNhOGI3NmQtODJmNy00MWM5LWIzYmMtZWEwZDkwMWUwZGZlXkEyXkFqcGc@._V1_.jpg,"Action, Crime, Drama",A retiring police officer reminisces about the most astounding day of his career. About a case that was never filed but continues to haunt him in his memories - the case of a man and a Wednesday.
Gran Torino,2008,18+,https://m.media-amazon.com/images/M/MV5BMTc5NTk2OTU1Nl5BMl5BanBnXkFtZTcwMDc3NjAwMg@@._V1_.jpg,Drama,"Disgruntled Korean War veteran Walt Kowalski sets out to reform his neighbor, Thao Lor, a Hmong teenager who tried to steal Kowalski's prized possession: a 1972 Gran Torino."
Harry Potter and the Deathly Hallows: Part 2,2011,13+,https://m.media-amazon.com/images/M/MV5BOTA1Mzc2N2ItZWRiNS00MjQzLTlmZDQtMjU0NmY1YWRkMGQ4XkEyXkFqcGc@._V1_.jpg,"Adventure, Drama, Fantasy","Harry, Ron, and Hermione search for Voldemort's remaining Horcruxes in their effort to destroy the Dark Lord as the final battle rages on at Hogwarts."
Hachi: A Dog's Tale,2009,13+,https://m.media-amazon.com/images/M/MV5BMTAxMDA2MjM4NDReQTJeQWpwZ15BbWU3MDE0NTgxMTM@._V1_.jpg,"Biography, Drama, Family",A college professor bonds with an abandoned dog he takes into his home.
Mary and Max,2009,13+,https://m.media-amazon.com/images/M/MV5BNzY2Mjc4NjMtNGY4Mi00NzM5LTk3ZTQtN2VkNzVkMzRmM2Y2XkEyXkFqcGc@._V1_.jpg,"Animation, Comedy, Drama","A tale of friendship between two unlikely pen pals: Mary, a lonely, eight-year-old girl living in the suburbs of Melbourne, and Max, a forty-four-year old, severely obese man living in New York."
How to Train Your Dragon,2010,7+,https://m.media-amazon.com/images/M/MV5BMjA5NDQyMjc2NF5BMl5BanBnXkFtZTcwMjg5ODcyMw@@._V1_.jpg,"Animation, Action, Adventure","A hapless young Viking who aspires to hunt dragons becomes the unlikely friend of a young dragon himself, and learns there may be more to the creatures than he assumed."
No Country for Old Men,2007,18+,"https://m.media-amazon.com/images/M/MV5BMjA5Njk3MjM4OV5BMl5BanBnXkFtZTcwMTc5MTE1MQ@@._V1_QL75_UY281_CR1,0,190,281_.jpg","Crime, Drama, Thriller",Violence and mayhem ensue after a hunter stumbles upon a drug deal gone wrong and more than two million dollars in cash near the Rio Grande.
Lage Raho Munna Bhai,2006,7+,https://upload.wikimedia.org/wikipedia/en/3/35/Lage_raho_munna_bhai.JPG,"Comedy, Drama, Romance",Munna Bhai embarks on a journey with Mahatma Gandhi in order to fight against a corrupt property dealer.
Million Dollar Baby,2004,13+,https://m.media-amazon.com/images/M/MV5BMTkxNzA1NDQxOV5BMl5BanBnXkFtZTcwNTkyMTIzMw@@._V1_.jpg,"Drama, Sport",A determined woman works with a hardened boxing trainer to become a professional.
Hotel Rwanda,2004,13+,https://assets.gadgets360cdn.com/pricee/assets/product/202307/Hotel-Rwanda_1690797210.jpg,"Biography, Drama, History","Paul Rusesabagina, a hotel manager, houses over a thousand Tutsi refugees during their struggle against the Hutu militia in Rwanda, Africa."
Before Sunset,2004,18+,https://m.media-amazon.com/images/M/MV5BMTQ1MjAwNTM5Ml5BMl5BanBnXkFtZTYwNDM0MTc3._V1_.jpg,"Drama, Romance","Nine years after Jesse and Celine first met, they encounter each other again on the French leg of Jesse's book tour."
Munna Bhai M.B.B.S.,2003,7+,https://upload.wikimedia.org/wikipedia/en/8/84/Munna_Bhai_M.B.B.S._poster.jpg,"Comedy, Drama, Musical",A gangster sets out to fulfill his father's dream of becoming a doctor.
Salinui chueok,2003,13+,https://posters-uk.s3.eu-west-2.amazonaws.com/PRILON/1578567.jpg,"Crime, Drama, Mystery","In a small Korean province in 1986, two detectives struggle with the case of multiple young women being found raped and murdered by an unknown culprit."
Dil Chahta Hai,2001,13+,https://upload.wikimedia.org/wikipedia/en/d/db/Dil_Chahta_Hai.jpg,"Comedy, Drama, Romance","Three inseparable childhood friends are just out of college. Nothing comes between them - until they each fall in love, and their wildly different approaches to relationships creates tension."
Kill Bill: Vol. 1,2003,18+,https://m.media-amazon.com/images/M/MV5BZmMyYzJlZmYtY2I3NC00NjAyLTkyZWItZjdjZDI1YTYyYTEwXkEyXkFqcGc@._V1_FMjpg_UX1000_.jpg,"Action, Crime, Drama","After awakening from a four-year coma, a former assassin wreaks vengeance on the team of assassins who betrayed her."
Finding Nemo,2003,7+,https://lumiere-a.akamaihd.net/v1/images/p_findingnemo_19752_05271d3f.jpeg?region=0%2C0%2C540%2C810,"Animation, Adventure, Comedy","After his son is captured in the Great Barrier Reef and taken to Sydney, a timid clownfish sets out on a journey to bring him home."
Catch Me If You Can,2002,18+,https://m.media-amazon.com/images/M/MV5BMTY5MzYzNjc5NV5BMl5BanBnXkFtZTYwNTUyNTc2._V1_FMjpg_UX1000_.jpg,"Biography, Crime, Drama","Barely 21 yet, Frank is a skilled forger who has passed as a doctor, lawyer and pilot. FBI agent Carl becomes obsessed with tracking down the con man, who only revels in the pursuit."
Amores perros,2000,18+,https://resizing.flixster.com/-XZAfHZM39UwaGJIFWKAE8fS0ak=/v3/t/assets/p27383_p_v8_ah.jpg,"Drama, Thriller","A horrific car accident connects three stories, each involving characters dealing with loss, regret, and life's harsh realities, all in the name of love."
"Monsters, Inc.",2001,7+,https://m.media-amazon.com/images/M/MV5BMTY1NTI0ODUyOF5BMl5BanBnXkFtZTgwNTEyNjQ0MDE@._V1_.jpg,"Animation, Adventure, Comedy","In order to power the city, monsters have to scare children so that they scream. However, the children are toxic to the monsters, and after a child gets through, 2 monsters realize things may not be what they think."
Lagaan: Once Upon a Time in India,2001,7+,https://upload.wikimedia.org/wikipedia/en/b/b6/Lagaan.jpg,"Adventure, Drama, Musical",The people of a small village in Victorian India stake their future on a game of cricket against their ruthless British rulers.
Sita Ramam ,2022,13+,https://m.media-amazon.com/images/M/MV5BYWE0NDNiNzEtNThmMi00NjZlLTk3NDAtYzIzOWNmNWQyYTI3XkEyXkFqcGc@._V1_FMjpg_UX1000_.jpg,Romance,"An orphan soldier, Lieutenant Ram's life changes, after he gets a letter from a girl named Sita"
96,2018,13+,https://authorankit9.wordpress.com/wp-content/uploads/2020/03/mv5bztm1mgm3njgtzje4mi00ztnllwi3odatntvizjfmmdc3mjlhxkeyxkfqcgdeqxvyota3mtm0mtm40._v1_-1.jpg?w=281&h=384,Romance,Two high school sweethearts meet at a reunion after 22 years and reminisce about their past
Dil Bechara,2020,13+,https://m.media-amazon.com/images/M/MV5BMDQ5N2QwNGMtNDNjOC00ZmM4LWE2NGYtZjc1MGIzMjhmMzkxXkEyXkFqcGc@._V1_.jpg,Romance,"The emotional journey of two hopelessly-in-love youngsters; a young girl, Kizie, who is suffering from cancer; and Manny, a boy Kizie meets at a support group"
Premam ,2015,13+,https://upload.wikimedia.org/wikipedia/en/3/32/Premam_film_poster.jpg,Romance,A young man has three opportunities to find love. Will the third time be the charm?
Sairat ,2016,13+,https://upload.wikimedia.org/wikipedia/en/a/a1/Sairat_Marathi_Film_Poster.jpg,Romance,"In interior Maharashtra, a fisherman's son and a local politician's daughter fall in love against the restrictions of caste hierarchy."
Hi Nanna ,2023,13+,https://preview.redd.it/what-do-you-think-about-hi-nanna-movie-v0-g25v71az1hgc1.jpeg?width=1080&crop=smart&auto=webp&s=a2fc3732abbd6019c1240eb680d603694fa4a971,Romance,A single father begins to narrate the story of the missing mother to his child and nothing remains the same.
Vaaranam Aayiram,2008,13+,https://m.media-amazon.com/images/S/pv-target-images/c3de765e8089aad770556c2871641da2570af2c8fc01d38ffc0a2ddcb5dae596.jpg,Romance,"A father and son help each other through growing up, romance, tragedy, and adventure."
Bommarillu ,2006,13+,https://upload.wikimedia.org/wikipedia/en/a/aa/Bommarillu_poster.jpg,Romance,A young man realizes that he has to push back against his domineering father if he wants to find true happiness and lov
Kirik Party ,2016,13+,https://encrypted-tbn0.gstatic.com/images?q=tbn:ANd9GcRcjxOOms-hNWdH6Rv99-YXZcqHK_412NXW4A&s,Comedy,"Kirik Party is the story of a gang of mischievous students, lead by the protagonist Karna (Rakshit Shetty), who has just joined an engineering college"
Aavesham ,2024,13+,https://m.media-amazon.com/images/M/MV5BNjJjY2IxMDYtN2U0My00MzFiLWJlYzItYmJkMDg1MTg3MjhmXkEyXkFqcGc@._V1_.jpg,Comedy,Three teenagers reach Bangalore for their engineering degree and gets involved in a fight with seniors. They find a local gangster named Ranga to help them take revenge.
Bajrangi Bhaijaan ,2015,13+,https://m.media-amazon.com/images/M/MV5BYzVjMjZiNGUtZjZiNy00Yzg4LWEzYzYtMmI1NDg5NWNiNjUwXkEyXkFqcGc@._V1_.jpg,Comedy,An Indian man with a magnanimous heart takes a young mute Pakistani girl back to her homeland to reunite her with her family.
Love Today ,2022,16+,https://assets-in.bmscdn.com/iedb/movies/images/mobile/thumbnail/xlarge/love-today-et00343241-1667476540.jpg,Comedy,"Two young lovers, who are made to exchange their phones for a day and what happens due to that."
Deadpool,2016,18+,https://upload.wikimedia.org/wikipedia/en/2/23/Deadpool_%282016_poster%29.png,"Comedy,Action","A wisecracking mercenary gets experimented on and becomes immortal yet hideously scarred, and sets out to track down the man who ruined his looks"
K.G.F: Chapter 2 ,2022,13+,https://upload.wikimedia.org/wikipedia/en/d/d0/K.G.F_Chapter_2.jpg,Action,"In the blood-soaked Kolar Gold Fields, Rocky's name strikes fear into his foes, while the government sees him as a threat to law and order."
RRR ,2022,13+,"https://m.media-amazon.com/images/M/MV5BNWMwODYyMjQtMTczMi00NTQ1LWFkYjItMGJhMWRkY2E3NDAyXkEyXkFqcGc@._V1_QL75_UY281_CR11,0,190,281_.jpg","Action,Drama",A fearless warrior on a perilous mission comes face to face with a steely cop serving British forces in this epic saga set in pre-independent India.
Dangal ,2016,13+,https://encrypted-tbn0.gstatic.com/images?q=tbn:ANd9GcRrViOtwiCNqFy5UNfU6Q8RrQrb68AUtc1xBg&s,"Action,Drama","Mahavir Singh Phogat, a former wrestler, decides to fulfill his dream of winning a gold medal for his country by training his daughters "
Shershaah ,2021,13+,https://upload.wikimedia.org/wikipedia/en/9/91/Shershaah_film_poster.jpg,"Action,Romance","Shershaah is the story of PVC awardee Indian soldier Capt. Vikram Batra, "
Baahubali: The Beginning ,2015,13+,https://upload.wikimedia.org/wikipedia/en/5/5f/Baahubali_The_Beginning_poster.jpg,"Action,Drama","A child from the Mahishmati kingdom is raised by tribal people and one day learns about his royal heritage, his father's bravery in battle and a mission to overthrow the incumbent ruler."
Vikram ,2022,13+,https://anandkumarrsonfilms.com/wp-content/uploads/2022/07/vikram-poster.jpg,Action,"A special investigator discovers a case of serial killings is not what it seems to be, and leading down this path is only going to end in a war between everyone involved."
Pushpa: The Rise - Part 1,2021,13+,https://upload.wikimedia.org/wikipedia/en/7/75/Pushpa_-_The_Rise_%282021_film%29.jpg,Action,"A labourer rises through the ranks of a red sandalwood smuggling syndicate, making some powerful enemies in the process."
